director_id,director_name,gender,gender_label
1454563,Aaron Hann,0,Unknown
58292,Aaron Schneider,2,Male
35734,Aaron Seltzer,2,Male
1066308,Aaron T. Wells,0,Unknown
39104,Abel Ferrara,2,Male
16328,Adam Brooks,2,Male
76245,Adam Carolla,0,Unknown
6163,Adam Goldberg,2,Male
70890,Adam Green,2,Male
66514,Adam Jay Epstein,2,Male
64743,Adam Marcus,2,Male
55710,Adam McKay,2,Male
585272,Adam Rapp,0,Unknown
50583,Adam Rifkin,2,Male
20739,Adam Shankman,2,Male
7270,Adrian Lyne,2,Male
66496,Adrienne Shelly,1,Female
1128,Agnieszka Holland,1,Female
129715,Agnieszka Wojtowicz-Vosloo,1,Female
127823,Agustín Díaz Yanes,0,Unknown
16767,Aki Kaurismäki,0,Unknown
5026,Akira Kurosawa,2,Male
5575,Akiva Goldsman,2,Male
62854,Akiva Schaffer,2,Male
558559,Al Silliman Jr.,0,Unknown
11983,Alain Resnais,2,Male
21278,Alan Alda,2,Male
111247,Alan Cohn,2,Male
6349,Alan J. Pakula,2,Male
69801,Alan Metter,2,Male
9168,Alan Parker,2,Male
113225,Alan Poul,2,Male
72427,Alan Rudolph,2,Male
129941,Alan Shapiro,2,Male
55948,Alan Smithee,0,Unknown
70110,Alan Yuen,0,Unknown
13,Albert Brooks,2,Male
11447,Albert Hughes,2,Male
58729,Albert Magnoli,0,Unknown
21031,Alejandro Agresti,2,Male
19840,Alejandro Amenábar,2,Male
223,Alejandro González Iñárritu,2,Male
72960,Alejandro Monteverde,0,Unknown
1210747,Aleksandr Veledinskiy,0,Unknown
270361,Aleksey German,0,Unknown
1262481,Alessandro Carloni,0,Unknown
31493,Alex Cox,0,Unknown
92287,Alex Craig Mann,2,Male
2036,Alex Garland,2,Male
71797,Alex Gibney,2,Male
78040,Alex Kendrick,2,Male
21085,Alex Proyas,2,Male
474199,Alex Ranarivelo,0,Unknown
91252,Alex Rivera,2,Male
641437,Alex Smith,2,Male
88077,Alex Zamm,2,Male
27875,Alex van Warmerdam,2,Male
13235,Alexander Payne,0,Unknown
59291,Alexandre Aja,2,Male
11218,Alfonso Cuarón,2,Male
2636,Alfred Hitchcock,2,Male
157879,Alison Maclean,1,Female
83198,Allan Arkush,2,Male
93905,Allan Dwan,2,Male
16834,Allen Coulter,2,Male
11448,Allen Hughes,2,Male
3110,Allison Anders,1,Female
54781,Allison Burnett,1,Female
938649,Amanda Gusack,1,Female
56375,Amat Escalante,0,Unknown
57434,Amy Heckerling,1,Female
21371,Amy Holden Jones,1,Female
1148217,Analeine Cal y Mayor,0,Unknown
26481,Anand Tucker,2,Male
71082,Andrea Arnold,1,Female
40541,Andrea Di Stefano,1,Female
58728,Andrei Konchalovsky,2,Male
8452,Andrei Tarkovsky,2,Male
5524,Andrew Adamson,2,Male
41550,Andrew Bergman,0,Unknown
40864,Andrew Bujalski,0,Unknown
64754,Andrew Currie,2,Male
12989,Andrew Davis,2,Male
37618,Andrew Dominik,2,Male
62721,Andrew Douglas,2,Male
909318,Andrew Erwin,0,Unknown
41549,Andrew Fleming,2,Male
120247,Andrew Gurland,2,Male
586002,Andrew Haigh,2,Male
1331465,Andrew Hyatt,0,Unknown
1027145,Andrew J. Smith,2,Male
66517,Andrew Jacobson,2,Male
23287,Andrew Jarecki,2,Male
229182,Andrew Leman,2,Male
57142,Andrew Marton,0,Unknown
53599,Andrew Morahan,2,Male
8685,Andrew Niccol,2,Male
7,Andrew Stanton,2,Male
1521130,Andrew Steggall,0,Unknown
81328,Andrew Traucki,2,Male
71555,Andrew Wilson,2,Male
68519,Andrey Zvyagintsev,0,Unknown
237884,Andrucha Waddington,0,Unknown
10765,Andrzej Bartkowiak,2,Male
96627,André Téchiné,2,Male
135113,André Øvredal,0,Unknown
1172908,Andrés Couturier,0,Unknown
80307,Andy Cadiff,2,Male
58375,Andy Fickman,2,Male
1271,Andy García,2,Male
1113116,Andy Muschietti,2,Male
17167,Andy Tennant,2,Male
1614,Ang Lee,2,Male
7312,Angela Robinson,1,Female
11701,Angelina Jolie,1,Female
44848,Angelo Pizzo,0,Unknown
53069,Anna Boden,1,Female
62773,Anna Mastro,0,Unknown
550280,Anna Muylaert,1,Female
58164,Annabel Jankel,0,Unknown
29214,Anne Fletcher,1,Female
48583,Anne Fontaine,1,Female
74106,Anne Sundberg,0,Unknown
1710652,Anonymous,0,Unknown
131242,Anthony Bell,2,Male
85822,Anthony C. Ferrante,2,Male
1216147,Anthony Hemingway,0,Unknown
48965,Anthony Hickox,2,Male
40199,Anthony Mann,2,Male
2239,Anthony Minghella,2,Male
1182832,Anthony Powell,0,Unknown
19271,Anthony Russo,2,Male
1199049,Anthony Silverston,0,Unknown
52691,Anthony Stacchi,2,Male
20907,Antoine Fuqua,2,Male
45052,Anton Corbijn,2,Male
3131,Antonio Banderas,2,Male
1283831,Antonio Simoncini,0,Unknown
119819,Anurag Basu,2,Male
56198,Ari Folman,2,Male
76009,Arie Posin,0,Unknown
142276,Ariel Schulman,2,Male
81476,Ariel Vromen,2,Male
631226,Arjun Sablok,0,Unknown
133259,Arthur Hiller,2,Male
66857,Arthur Qwak,2,Male
30293,Arthur Rosson,2,Male
72344,Asger Leth,0,Unknown
229931,Asghar Farhadi,2,Male
77465,Ash Baron-Cohen,0,Unknown
12905,Ash Brannon,2,Male
131856,Ashish R. Mohan,0,Unknown
56205,Atom Egoyan,2,Male
36805,Audrey Wells,1,Female
929825,Ava DuVernay,1,Female
95550,Avi Nesher,2,Male
87378,Ayan Mukherjee,0,Unknown
125044,Babar Ahmed,2,Male
67813,Baltasar Kormákur,2,Male
23393,Barbet Schroeder,2,Male
10400,Barbra Streisand,0,Unknown
21677,Barnaby Thompson,2,Male
1365766,Barrett Esposito,0,Unknown
66191,Barry Cook,2,Male
8246,Barry Levinson,2,Male
61571,Barry Skolnick,0,Unknown
5174,Barry Sonnenfeld,2,Male
57328,Barry W. Blaustein,2,Male
86203,Bart Freundlich,2,Male
6201,Baz Luhrmann,2,Male
939176,Becky Smith,0,Unknown
20237,Beeban Kidron,1,Female
880,Ben Affleck,2,Male
170820,Ben Falcone,2,Male
59413,Ben Garant,2,Male
61970,Ben Gluck,2,Male
168330,Ben Lewin,2,Male
11426,Ben Sharpsteen,2,Male
76100,Ben Stassen,2,Male
7399,Ben Stiller,2,Male
137467,Ben Wheatley,2,Male
24294,Ben Younger,2,Male
227936,Benedek Fliegauf,2,Male
42092,Benedikt Erlingsson,2,Male
223516,Benh Zeitlin,0,Unknown
101810,Benjamin Dickinson,2,Male
1092607,Benjamin Renner,0,Unknown
5345,Bennett Miller,2,Male
1290942,Benni Diez,0,Unknown
134129,Benny Boom,2,Male
1046142,Benson Lee,0,Unknown
4956,Bernardo Bertolucci,2,Male
9894,Bernhard Wicki,0,Unknown
545086,Beto Gómez,0,Unknown
55421,Betsy Chasse,1,Female
31024,Betty Thomas,1,Female
65629,Bibo Bergeron,2,Male
37577,Bigas Luna,2,Male
948217,Bill Benenson,2,Male
15557,Bill Condon,2,Male
1103,Bill Duke,2,Male
94011,Bill Melendez,2,Male
1062889,Bill Muir,0,Unknown
2053,Bill Paxton,2,Male
126125,Bill Plympton,0,Unknown
19684,Bille August,2,Male
62116,Bille Woodruff,0,Unknown
879,Billy Bob Thornton,2,Male
87191,Billy Kent,0,Unknown
21807,Billy Ray,2,Male
3146,Billy Wilder,0,Unknown
80924,Björn Stein,2,Male
58518,Blair Hayes,0,Unknown
1927,Blake Edwards,2,Male
1380244,Blaž Završnik,0,Unknown
5133,Bo Welch,2,Male
73833,Bo Zenga,2,Male
52358,Boaz Yakin,2,Male
12698,Bob Clark,2,Male
12648,Bob Dolman,2,Male
66777,Bob Fosse,0,Unknown
89467,Bob Giraldi,2,Male
36187,Bob Gosse,2,Male
59410,Bob Odenkirk,2,Male
19450,Bob Rafelson,2,Male
72450,Bob Saget,2,Male
47974,Bob Spiers,2,Male
7395,Bobby Farrelly,2,Male
111944,Bobby Roth,2,Male
95024,Bobcat Goldthwait,2,Male
21684,Bong Joon-ho,2,Male
5149,Bonnie Hunt,1,Female
1024216,Boris Rodriguez,0,Unknown
37948,Brad Anderson,2,Male
7087,Brad Bird,2,Male
68574,Brad Copeland,2,Male
144221,Brad Furman,2,Male
1156260,Brad J. Silverman,0,Unknown
32532,Brad Lewis,2,Male
132876,Brad Peyton,2,Male
11887,Brad Silberling,0,Unknown
131388,Bradley Rust Gray,2,Male
62541,Brandon Camp,2,Male
1081445,Brandon Cronenberg,2,Male
64227,Brandon Trost,2,Male
52609,Breck Eisner,2,Male
59803,Brenda Chapman,1,Female
82221,Brendan Malloy,2,Male
1111710,Brenna Sanchez,0,Unknown
57090,Brett Leonard,0,Unknown
98094,Brett Piper,2,Male
11091,Brett Ratner,2,Male
997560,Brett Winn,0,Unknown
1024823,Brian A Miller,0,Unknown
125637,Brian Baugh,2,Male
566314,Brian Caunter,2,Male
74259,Brian Dannelly,2,Male
1150,Brian De Palma,2,Male
1208166,Brian Dorton,0,Unknown
18069,Brian Gibson,2,Male
4723,Brian Helgeland,2,Male
65298,Brian Henson,2,Male
85563,Brian Herzlinger,2,Male
51996,Brian Klugman,2,Male
16304,Brian Koppelman,2,Male
13581,Brian Levant,2,Male
53177,Brian Robbins,2,Male
20192,Brian Taylor,2,Male
84981,Brian Trenchard-Smith,0,Unknown
27992,Brian Yuzna,2,Male
113733,Britt Allcroft,0,Unknown
18320,Bronwen Hughes,1,Female
5696,Bruce Beresford,2,Male
11357,Bruce Campbell,2,Male
1301700,Bruce Dellis,0,Unknown
44179,Bruce Hunt,2,Male
144528,Bruce MacDonald,0,Unknown
58040,Bruce Malmuth,2,Male
73499,Bruce McCulloch,2,Male
55189,Bruce McDonald,2,Male
173607,Bruce Paltrow,2,Male
69719,Bruno Barreto,2,Male
21769,Bruno Podalydès,2,Male
9032,Bryan Singer,2,Male
58552,Burr Steers,0,Unknown
76595,Byron Howard,2,Male
1514635,C. Fraser Press,0,Unknown
69737,C. Jay Cox,2,Male
1098477,Callan Brunker,0,Unknown
17397,Callie Khouri,1,Female
11649,Cameron Crowe,2,Male
928490,Camille Delamarre,0,Unknown
21712,Carl Franklin,0,Unknown
11572,Carl Theodor Dreyer,2,Male
7348,Carlos Carrera,0,Unknown
5714,Carlos Saldanha,2,Male
96369,Carlos Saura,2,Male
232216,Carmen Marron,0,Unknown
15378,Carol Reed,2,Male
4522,Caroline Link,1,Female
68212,Carroll Ballard,2,Male
1288774,Cary Bell,0,Unknown
544748,Caryn Waechter,0,Unknown
545261,Cassandra Nicolaou,0,Unknown
1161761,Catherine Gund,0,Unknown
19850,Catherine Hardwicke,1,Female
210562,Catherine Jelski,1,Female
1670361,Catherine Owens,0,Unknown
78488,Cathy Malkasian,1,Female
8636,Cecil B. DeMille,2,Male
1454884,Cedric Nicolas-Troyan,0,Unknown
1031144,Chad Hartigan,0,Unknown
1557430,Chad Kapper,0,Unknown
554948,Chao-Bin Su,0,Unknown
996070,Charles Adelman,0,Unknown
93136,Charles Binamé,2,Male
74058,Charles Ferguson,2,Male
76247,Charles Herman-Wurmfeld,2,Male
1270,Charles Martin Smith,2,Male
122728,Charles Matthau,0,Unknown
84113,Charles Robert Carner,2,Male
17764,Charles S. Dutton,2,Male
56106,Charles Shyer,2,Male
80215,Charles Stone III,2,Male
36147,Charles T. Kanganis,2,Male
13848,Charlie Chaplin,2,Male
202,Charlie Kaufman,2,Male
1467662,Charlie Levi,0,Unknown
565524,Chatrichalerm Yukol,2,Male
20640,Chen Kaige,2,Male
232937,Cheryl Dunye,0,Unknown
1122434,Chris Atkins,0,Unknown
15774,Chris Buck,0,Unknown
154705,Chris Butler,2,Male
10965,Chris Columbus,2,Male
1232592,Chris Eyre,0,Unknown
640,Chris Kentis,2,Male
58059,Chris Koch,2,Male
1401542,Chris Lofing,0,Unknown
9956,Chris Marker,0,Unknown
12098,Chris Miller,2,Male
117794,Chris Morris,2,Male
21931,Chris Nahon,2,Male
58137,Chris Noonan,2,Male
74589,Chris Paine,0,Unknown
124748,Chris Renaud,0,Unknown
2632,Chris Rock,2,Male
66193,Chris Sanders,2,Male
112289,Chris Shadley,0,Unknown
127936,Chris Stokes,0,Unknown
5713,Chris Wedge,2,Male
3288,Chris Weitz,0,Unknown
70238,Chris Williams,2,Male
54559,Christian Alvart,2,Male
70221,Christian Carion,2,Male
63820,Christian Ditter,2,Male
25735,Christian Duguay,2,Male
143079,Christian E. Christiansen,2,Male
75687,Christian Robinson,0,Unknown
130530,Christian Sesma,2,Male
57557,Christian Volckman,2,Male
1349420,Christine Cynn,0,Unknown
74152,Christine Jeffs,1,Female
123912,Christophe Ali,0,Unknown
43993,Christophe Barratier,2,Male
8296,Christophe Gans,2,Male
54248,Christopher B. Landon,2,Male
1102620,Christopher Bessette,0,Unknown
56828,Christopher Cain,2,Male
1357,Christopher Doyle,2,Male
234818,Christopher Erskin,2,Male
13524,Christopher Guest,2,Male
113682,Christopher Hutson,2,Male
57436,Christopher Leitch,2,Male
9033,Christopher McQuarrie,0,Unknown
155267,Christopher Miller,2,Male
525,Christopher Nolan,2,Male
20305,Christopher Roberts,2,Male
93133,Christopher Scott Cherot,2,Male
41041,Christopher Smith,2,Male
235820,Christopher Spencer,0,Unknown
41270,Chuck Bowman,2,Male
26713,Chuck Russell,2,Male
141706,Chuck Sheetz,2,Male
51600,Clare Kilner,1,Female
554900,Clark Baker,0,Unknown
9048,Clark Gregg,2,Male
19069,Claude Chabrol,0,Unknown
18209,Claude Miller,2,Male
101399,Claudia Llosa,1,Female
1200528,Claudia Sainte-Luce,0,Unknown
1281387,Clay Kaytis,0,Unknown
190,Clint Eastwood,2,Male
31211,Clive Barker,2,Male
12095,Cody Cameron,2,Male
115677,Coky Giedroyc,1,Female
4967,Colin Higgins,2,Male
1310518,Colin Minihan,0,Unknown
930707,Colin Trevorrow,2,Male
1360439,Collin Joseph Neal,0,Unknown
1288700,Collin Schiffli,0,Unknown
73289,Conor McPherson,0,Unknown
12080,Conrad Vernon,2,Male
21246,Corbin Bernsen,2,Male
35452,Corey Yuen Kwai,0,Unknown
61373,Cory Edwards,2,Male
27436,Costa-Gavras,0,Unknown
61921,Courtney Solomon,2,Male
34692,Craig Bolotin,2,Male
53267,Craig Brewer,2,Male
50767,Craig Gillespie,0,Unknown
303056,Craig Johnson,2,Male
35796,Craig Mazin,2,Male
130051,Craig Moss,0,Unknown
63709,Craig R. Baxley,2,Male
79434,Craig Zobel,0,Unknown
20657,Cristian Mungiu,2,Male
323,Curtis Hanson,2,Male
110618,Cyrus Nowrasteh,2,Male
17520,Cédric Klapisch,2,Male
146026,D. Stevens,0,Unknown
40256,D.J. Caruso,2,Male
65134,DJ Pooh,2,Male
56714,Daisy von Scherler Mayer,1,Female
77062,Damian Nieman,0,Unknown
136495,Damien Chazelle,2,Male
59229,Damien Dante Wayans,2,Male
1263945,Damir Catic,0,Unknown
66039,Damon Santostefano,2,Male
29648,Dan Curtis,2,Male
15892,Dan Fogelman,2,Male
57113,Dan Gilroy,2,Male
11013,Dan Harris,2,Male
69099,Dan Ireland,2,Male
6733,Dan Mazer,2,Male
74626,Dan Reed,2,Male
133406,Dan Rush,2,Male
225976,Dan Scanlon,2,Male
15780,Dan St. Pierre,0,Unknown
568322,Dan Trachtenberg,2,Male
158480,Dan Zukovic,2,Male
82840,Dana Adam Shapiro,2,Male
69696,Daniel Algrant,2,Male
94918,Daniel Barber,2,Male
84061,Daniel Barnz,2,Male
125738,Daniel Espinosa,2,Male
1330499,Daniel Garcia,0,Unknown
208138,Daniel Hsia,2,Male
240740,Daniel Junge,2,Male
57832,Daniel Lee,2,Male
1289580,Daniel Mellitz,0,Unknown
26849,Daniel Myrick,2,Male
774,"Daniel Petrie, Jr.",2,Male
12632,Daniel Sackheim,2,Male
90575,Daniel Schechter,0,Unknown
120245,Daniel Stamm,0,Unknown
74063,Daniel Taplitz,2,Male
21771,Daniela Thomas,1,Female
59911,Daniele Luchetti,0,Unknown
2034,Danny Boyle,2,Male
33279,Danny Cannon,2,Male
518,Danny DeVito,2,Male
56591,Danny Leiner,2,Male
21905,Danny Pang,2,Male
130858,Danny Perez,0,Unknown
1736589,Danny Provenzano,0,Unknown
58822,Danny Steinmann,2,Male
37627,Dany Boon,2,Male
57777,Darin Scott,2,Male
4955,Dario Argento,2,Male
81727,Darnell Martin,1,Female
16730,Darrell James Roodt,0,Unknown
6431,Darren Aronofsky,2,Male
77441,Darren Grant,0,Unknown
2675,Darren Lynn Bousman,2,Male
1514634,Darren Press,0,Unknown
239418,Darren Stein,2,Male
131870,Daryl Wein,2,Male
80537,Dave Borthwick,2,Male
1168852,Dave Carroll,0,Unknown
1101410,Dave Green,0,Unknown
87081,Dave McKean,2,Male
54827,Dave Meyers,0,Unknown
30870,Dave Payne,2,Male
74339,Dave Willis,2,Male
44847,David Anspaugh,2,Male
67910,David Atkins,2,Male
19769,David Ayer,0,Unknown
33183,David Bowers,2,Male
55441,David Boyd,2,Male
108497,David Caffrey,2,Male
2380,David Carson,2,Male
224,David Cronenberg,2,Male
212,David Cross,2,Male
97618,David DeCoteau,2,Male
42994,David Dobkin,2,Male
12640,David Duchovny,2,Male
109692,David E. Talbert,2,Male
557883,David Evans ,0,Unknown
1302082,David F. Sandberg,2,Male
7467,David Fincher,2,Male
5065,David Frankel,2,Male
64141,David Gordon Green,2,Male
2679,David Hackl,2,Male
5446,David Hand,2,Male
10995,David Hayter,2,Male
5892,David Hewlett,2,Male
53212,David Jacobson,2,Male
4759,David Kellogg,2,Male
508,David Koepp,2,Male
23590,David LaChapelle,2,Male
141503,David Lam,0,Unknown
12238,David Lean,2,Male
33317,David Leland,2,Male
16305,David Levien,2,Male
5602,David Lynch,2,Male
155747,David M. Matthews,2,Male
1255,David Mamet,2,Male
48980,David McNally,2,Male
58178,David Mirkin,2,Male
56735,David Moreau,2,Male
33316,David Nutter,0,Unknown
17883,David O. Russell,2,Male
585161,David Oelhoffen,0,Unknown
140372,David Palmer,2,Male
94222,David Pastor,2,Male
4755,David R. Ellis,2,Male
1375378,David Ray,0,Unknown
161858,David Raynr,0,Unknown
558929,David Robert Mitchell,2,Male
991853,David Rodriguez,2,Male
3893,David S. Goyer,2,Male
12920,David S. Ward,2,Male
14409,David Schwimmer,2,Male
86662,David Sington,2,Male
27571,David Slade,2,Male
28239,David Twohy,0,Unknown
22214,David Wain,2,Male
7191,David Webb Peoples,2,Male
52044,David Winning,2,Male
29700,David Winters,2,Male
22012,David Worth,2,Male
11343,David Yates,2,Male
12987,David Zucker,2,Male
19012,Davis Guggenheim,2,Male
51298,Dax Shepard,2,Male
69797,Dean DeBlois,2,Male
15002,Dean Parisot,2,Male
112630,Dean Wright,2,Male
77911,Deb Hagan,1,Female
1162816,Deborah Anderson,0,Unknown
13614,Deborah Kaplan,1,Female
121873,Debra Granik,1,Female
4760,Deepa Mehta,1,Female
71418,Demian Lichtenstein,2,Male
1456123,Dena Seidel,0,Unknown
137427,Denis Villeneuve,2,Male
66960,Dennie Gordon,1,Female
17494,Dennis Dugan,2,Male
52961,Dennis Gansel,2,Male
2778,Dennis Hopper,2,Male
94108,Dennis Iliadis,2,Male
38516,Denys Arcand,2,Male
5292,Denzel Washington,2,Male
119419,Deon Taylor,2,Male
139098,Derek Cianfrance,2,Male
240150,Derek Yee Tung-Sing,0,Unknown
33349,Derick Martini,2,Male
126910,Derrick Borte,2,Male
932013,Deryck Broom,0,Unknown
588701,Des McAnuff,2,Male
113641,Dewey Nicks,0,Unknown
974,Dexter Fletcher,2,Male
76230,Diane English,1,Female
3092,Diane Keaton,1,Female
19333,Dick Richards,0,Unknown
53935,Dito Montiel,2,Male
230157,Dominic Burns,0,Unknown
58498,Dominic Sena,2,Male
32813,Dominique Othenin-Girard,2,Male
40345,Don Bluth,2,Male
58245,Don Coscarelli,2,Male
12824,Don Hahn,2,Male
227439,Don Hall,2,Male
92935,Don Kempf,0,Unknown
65677,Don Mancini,2,Male
27005,Don Michael Paul,2,Male
93419,Don Scardino,2,Male
14773,Don Siegel,2,Male
9108,Don Taylor,2,Male
18281,Donald Petrie,2,Male
1027738,Donovan Cook,0,Unknown
109640,Doug Atchison,2,Male
586066,Doug Block,2,Male
58656,Doug Lefler,0,Unknown
11694,Doug Liman,2,Male
67896,Doug McHenry,2,Male
71901,Douglas Aarniokoski,2,Male
90525,Douglas Cheek,0,Unknown
32983,Douglas McGrath,2,Male
12112,Douglas Trumbull,2,Male
69597,Drew Barrymore,1,Female
47506,Drew Goddard,2,Male
1085923,Dror Moreh,0,Unknown
1149038,Duane Journey,0,Unknown
1019303,Duke Johnson,2,Male
81850,Duncan Jones,2,Male
4483,Dustin Hoffman,2,Male
56998,Dwight H. Little,0,Unknown
479587,Dylan Bank,0,Unknown
17279,E. Elias Merhige,0,Unknown
84697,E.L. Katz,0,Unknown
557179,Ed Gass-Donnelly,2,Male
228,Ed Harris,2,Male
11090,Edgar Wright,2,Male
34740,Edmund Goulding,0,Unknown
26850,Eduardo Sánchez,2,Male
12833,Edward Burns,2,Male
92490,Edward Conna,2,Male
1134201,Edward Hall,0,Unknown
819,Edward Norton,2,Male
9181,Edward Zwick,2,Male
998842,Efram Potelle,0,Unknown
58251,Elaine May,1,Female
933320,Eldar Rapaport,0,Unknown
52479,Eli Craig,2,Male
16847,Eli Roth,2,Male
2746,Elia Kazan,2,Male
1223175,Elizabeth Allen Rosenbaum,1,Female
716,Emile Ardolino,2,Male
2880,Emilio Estevez,2,Male
1058257,Emily Dell,0,Unknown
47201,Emily Young,1,Female
142513,Emma-Kate Croghan,0,Unknown
82222,Emmett Malloy,2,Male
1480591,Enrique Begné,0,Unknown
95818,Eric Blakeney,2,Male
9622,Eric Brevig,2,Male
60045,Eric Bross,2,Male
1562421,Eric Bugbee,0,Unknown
18863,Eric Darnell,2,Male
151092,Eric Eason,2,Male
582527,Eric England,0,Unknown
65531,Eric Goldberg,2,Male
85340,Eric Lartigau,0,Unknown
121588,Eric Lavaine,0,Unknown
65856,Eric Leighton,2,Male
115226,Eric Mendelsohn,2,Male
103031,Eric Nicholas,0,Unknown
68185,Eric Schaeffer,2,Male
231521,Eric Styles,2,Male
51445,Eric Valette,0,Unknown
132857,Eric Wareheim,2,Male
32868,Erik Canuel,0,Unknown
130687,Erik White,2,Male
15521,Ernest R. Dickerson,2,Male
5917,Ernie Barbarash,0,Unknown
18533,Errol Morris,2,Male
20308,Espen Sandberg,0,Unknown
52803,Etan Cohen,0,Unknown
1224,Ethan Coen,0,Unknown
61847,Ethan Maniquis,0,Unknown
239574,Eugenio Derbez,0,Unknown
11558,Eugène Lourié,2,Male
54734,Evan Goldberg,2,Male
160,Eytan Fox,2,Male
37932,F. Gary Gray,2,Male
5125,Fatih Akin,2,Male
932248,Fede Alvarez,2,Male
16957,Fenton Bailey,2,Male
52701,Fergal Reilly,0,Unknown
1070682,Fernando Baez Mella,0,Unknown
15602,Fernando León de Aranoa,2,Male
8557,Fernando Meirelles,2,Male
120426,Feroz Abbas Khan,0,Unknown
72197,Ferzan Ozpetek,2,Male
144277,Fina Torres,1,Female
1139506,Florence Ayisi,1,Female
1011158,Florent-Emilio Siri,0,Unknown
98521,Floria Sigismondi,0,Unknown
8193,Florian Henckel von Donnersmarck,2,Male
67834,Floyd Mutrux,2,Male
11431,Ford Beebe,2,Male
2178,Forest Whitaker,2,Male
564082,Francesca Gregorini,1,Female
1776,Francis Ford Coppola,2,Male
74298,Francis Glebas,0,Unknown
10943,Francis Lawrence,2,Male
64211,Franck Khalfoun,2,Male
24657,Franco Zeffirelli,2,Male
14855,Frank Borzage,2,Male
2662,Frank Capra,0,Unknown
57370,Frank Coraci,2,Male
4027,Frank Darabont,2,Male
583023,Frank LaLoggia,2,Male
1002001,Frank Lotito,0,Unknown
664,Frank Marshall,2,Male
2293,Frank Miller,2,Male
73161,Frank Nissen,2,Male
7908,Frank Oz,2,Male
53332,Frank Passingham,2,Male
113799,Frank Perry,2,Male
111745,Frank Sebastiano,2,Male
11805,Frank Whaley,2,Male
13265,Franklin J. Schaffner,2,Male
78012,François Girard,2,Male
4387,François Ozon,2,Male
1650,François Truffaut,0,Unknown
44056,Fred Dekker,2,Male
29783,Fred Durst,2,Male
2223,Fred Savage,2,Male
64061,Fred Schepisi,2,Male
62556,Fred Walton,2,Male
66563,Fred Wolf,2,Male
4065,Fred Zinnemann,0,Unknown
50582,Frederik Du Chau,2,Male
68,Fritz Lang,2,Male
21126,Frédéric Auburtin,2,Male
24886,Frédéric Forestier,2,Male
80999,Fyodor Bondarchuk,2,Male
13899,G.W. Pabst,2,Male
119953,Gabe Ibáñez,0,Unknown
84437,Gabriela Tagliavini,1,Female
20646,Gabriele Muccino,2,Male
129894,Gareth Edwards,2,Male
142013,Gareth Evans,0,Unknown
1201,Garry Marshall,2,Male
52842,Garth Jennings,2,Male
80691,Gary Chapman,2,Male
70738,Gary David Goldberg,2,Male
5501,Gary Fleder,2,Male
150641,Gary Halvorson,2,Male
95458,Gary Hardwick,2,Male
47893,Gary Nelson,2,Male
23964,Gary Ross,2,Male
33094,Gary Sherman,0,Unknown
20779,Gary Sinyor,2,Male
62047,Gary Trousdale,2,Male
17046,Gary Winick,2,Male
14597,Gaspar Noé,2,Male
13079,Gavin Hood,2,Male
119417,Gavin Wiesen,2,Male
56146,Gaëtan Brizzi,0,Unknown
13294,Gene Kelly,2,Male
56953,Gene Quintano,2,Male
1164825,Gene Teigland,0,Unknown
185438,Genndy Tartakovsky,0,Unknown
32277,Geoff Murphy,2,Male
61357,Geoffrey Sax,2,Male
14999,George A. Romero,2,Male
58294,George Armitage,0,Unknown
1461,George Clooney,2,Male
14674,George Cukor,0,Unknown
21792,George Gallo,2,Male
37852,George Hickenlooper,2,Male
141824,George Jackson,2,Male
1,George Lucas,2,Male
20629,George Miller,2,Male
1921,George Nolfi,2,Male
16566,George P. Cosmatos,2,Male
46802,George Ratliff,2,Male
9577,George Roy Hill,2,Male
21506,George Sidney,2,Male
66121,"George Tillman, Jr.",2,Male
1184351,Georgia Hilton,0,Unknown
70616,Gerald Potterton,2,Male
1288796,Gerard Johnstone,0,Unknown
21394,Gerry Lively,2,Male
1193602,Gia Coppola,0,Unknown
60099,Gideon Raff,0,Unknown
40243,Gil Junger,2,Male
57193,Gil Kenan,2,Male
144519,Gilles Paquet-Brenner,2,Male
58094,Gillian Armstrong,1,Female
1284099,Gillian Robespierre,1,Female
71947,Gina Prince-Bythewood,1,Female
1504620,Giovanni Zelko,2,Male
132257,Giuliano Montaldo,2,Male
65314,Giuseppe Tornatore,0,Unknown
58403,Glen Morgan,2,Male
56411,Glenn Ficarra,2,Male
1339129,Gnana Rajasekaran,0,Unknown
77123,Gonzalo López-Gallego,2,Male
74272,Goran Dukic,2,Male
64901,Gordon Chan,0,Unknown
1704,Gore Verbinski,2,Male
31511,Grant Heslov,2,Male
88967,Greg Berlanti,2,Male
47364,Greg Coolidge,2,Male
17042,Greg Harrison,2,Male
57125,Greg Marcks,2,Male
54733,Greg Mottola,2,Male
142587,Greg Tiernan,2,Male
57030,Gregor Jordan,2,Male
17812,Gregory Hoblit,2,Male
119665,Gregory Jacobs,2,Male
16395,Gregory Nava,2,Male
50942,Gregory Poirier,2,Male
28902,Gregory Widen,2,Male
2171,Griffin Dunne,0,Unknown
19866,Guillaume Canet,2,Male
66856,Guillaume Ivernel,2,Male
10828,Guillermo del Toro,2,Male
6220,Gurinder Chadha,1,Female
5216,Gus Van Sant,2,Male
67619,Guy Green,2,Male
9915,Guy Hamilton,2,Male
97579,Guy Maddin,2,Male
956,Guy Ritchie,2,Male
36697,Gábor Csupó,2,Male
16927,Gérard Depardieu,2,Male
21647,Gérard Krawczyk,2,Male
688807,H.M. Coakley,2,Male
75919,Hal Haberman,0,Unknown
67767,Hal Needham,2,Male
143430,Ham Tran,2,Male
11429,Hamilton Luske,2,Male
117168,Hank Braxtan,0,Unknown
78481,Hans Canosa,0,Unknown
95972,Hans Petter Moland,0,Unknown
33542,Harald Reinl,2,Male
21981,Harald Zwart,2,Male
107725,Harmage Singh Kalirai,0,Unknown
51918,Harmony Korine,0,Unknown
23213,Harold Becker,2,Male
937340,Harold Cronk,2,Male
1524,Harold Ramis,2,Male
145605,Harry Beaumont,2,Male
13615,Harry Elfont,0,Unknown
7678,Hart Bochner,2,Male
608,Hayao Miyazaki,2,Male
68844,Hayden Schlossberg,2,Male
449832,Hayley Cloake,1,Female
74297,Hendel Butoy,0,Unknown
82839,Henry Alex Rubin,0,Unknown
30458,Henry Bean,2,Male
37360,Henry Hathaway,0,Unknown
117075,Henry Jaglom,2,Male
142272,Henry Joost,2,Male
37362,Henry King,2,Male
33064,Henry Koster,2,Male
57646,Henry Selick,2,Male
22423,Herb Freed,2,Male
18378,Herbert Ross,0,Unknown
77921,Hideaki Anno,2,Male
85925,Hilary Brougher,1,Female
21692,Hironobu Sakaguchi,0,Unknown
71080,Hitoshi Matsumoto,0,Unknown
66942,Holger Tappe,0,Unknown
64992,Hou Hsiao-hsien,2,Male
26502,Howard Deutch,2,Male
11435,Howard Hawks,0,Unknown
13348,Howard Hughes,2,Male
34611,Howard Zieff,2,Male
84851,Hoyt Yeatman,0,Unknown
120246,Huck Botko,2,Male
223909,Hue Rhodes,2,Male
58220,Hugh Hudson,2,Male
22100,Hugh Johnson,2,Male
28904,Hugh Wilson,2,Male
52856,Hunter Richards,2,Male
1978,Iain Softley,2,Male
1174438,Ian Gamazon,0,Unknown
190339,Ian Iqbal Rashid,0,Unknown
113907,Ian Sharp,2,Male
9778,Ice Cube,2,Male
110873,Igor Kovalyov,2,Male
6648,Ingmar Bergman,2,Male
115999,Inna Evlannikova,1,Female
53708,Ira Sachs,2,Male
10930,Irvin Kershner,2,Male
11472,Irwin Winkler,2,Male
78108,Isaac Florentine,0,Unknown
90,Isabel Coixet,1,Female
225898,István Szabó,0,Unknown
114545,Ivan Engler,0,Unknown
1310498,Ivan Kavanagh,0,Unknown
84736,Ivan Passer,2,Male
8858,Ivan Reitman,2,Male
111588,J Blakeson,2,Male
18669,J. Lee Thompson,0,Unknown
7409,J.B. Rogers,0,Unknown
15344,J.J. Abrams,2,Male
52371,J.S. Cardone,2,Male
82413,Jack Conway,2,Male
155945,Jack Heller,2,Male
65242,Jack Perez,0,Unknown
62020,Jack Sholder,2,Male
30422,Jack Smight,2,Male
18897,Jackie Chan,2,Male
17183,Jackie Earle Haley,2,Male
1734565,Jaco Booyens,0,Unknown
72034,Jacob Aaron Estes,0,Unknown
138857,Jacques Cluzaud,0,Unknown
20030,Jacques Perrin,2,Male
120229,Jafar Panahi,2,Male
114596,Jake Goldberger,2,Male
51851,Jake Kasdan,2,Male
122582,Jake Paltrow,2,Male
836732,Jake Schreier,0,Unknown
65317,Jake Scott,2,Male
932993,Jamaa Fanaka,0,Unknown
121473,Jamal Hill,0,Unknown
2408,Jamel Debbouze,2,Male
5690,James Algar,2,Male
237393,James Bidgood,0,Unknown
26205,James Bobin,0,Unknown
14838,James Bridges,2,Male
2710,James Cameron,2,Male
40508,James Cox,2,Male
52159,James D. Stern,2,Male
233519,James David Pasternak,0,Unknown
53120,James DeMonaco,2,Male
61848,James Dodson,2,Male
66222,James Fargo,2,Male
15890,James Foley,2,Male
68457,James Frawley,2,Male
60496,James Gartner,2,Male
20561,James Gray,2,Male
15218,James Gunn,2,Male
69579,James Isaac,2,Male
54441,James Ivory,2,Male
1187357,James Kerwin,0,Unknown
3388,James L. Brooks,2,Male
366,James Mangold,2,Male
76998,James Marsh,2,Male
1311595,James Mather,0,Unknown
11266,James McTeigue,2,Male
73668,James Melkonian,0,Unknown
105313,James Mottern,0,Unknown
1088096,James Nunn,0,Unknown
930710,James Ponsoldt,0,Unknown
86194,James Sbardellati,0,Unknown
1044257,James Swirsky,0,Unknown
56381,James Toback,2,Male
2127,James Wan,2,Male
63306,James Watkins,0,Unknown
2917,James Whale,2,Male
57134,James Wong,2,Male
59466,Jamie Babbit,1,Female
59958,Jamie Blanks,2,Male
83224,Jamie Thraves,0,Unknown
930629,Jamie Travis,0,Unknown
92743,Jamin Winans,0,Unknown
2209,Jan de Bont,2,Male
10757,Jane Campion,1,Female
492,Janusz Kamiński,2,Male
53925,Jared Hess,2,Male
1206,Jason Alexander,2,Male
23532,Jason Bateman,2,Male
25527,Jason Connery,2,Male
141673,Jason Eisener,0,Unknown
35694,Jason Friedberg,2,Male
61983,Jason Marsden,2,Male
86296,Jason Maurer,2,Male
1645102,Jason Miller,0,Unknown
168667,Jason Moore,2,Male
52443,Jason Reitman,2,Male
1046127,Jason Stone,0,Unknown
1009255,Jason Trost,0,Unknown
1009253,Jason Trost,2,Male
54525,Jaume Balagueró,2,Male
59521,Jaume Collet-Serra,2,Male
968303,Javier Abad,2,Male
204325,Jay Alaimo,0,Unknown
52049,Jay Chandrasekhar,2,Male
45405,Jay Duplass,0,Unknown
105643,Jay Oliva,2,Male
6737,Jay Roach,2,Male
46297,Jay Russell,2,Male
80538,Jean Duval,2,Male
58324,Jean-François Richet,0,Unknown
2352,Jean-Jacques Annaud,2,Male
111085,Jean-Jacques Mantello,0,Unknown
3776,Jean-Luc Godard,2,Male
1642,Jean-Marc Barr,2,Male
69371,Jean-Marc Vallée,2,Male
64909,Jean-Marie Poiré,2,Male
25950,Jean-Paul Rappeneau,2,Male
2419,Jean-Pierre Jeunet,2,Male
16187,Jeannot Szwarc,2,Male
7671,Jeb Stuart,2,Male
31621,Jeff Burr,2,Male
86037,Jeff Crook,2,Male
60621,Jeff Franklin,2,Male
60074,Jeff Garlin,2,Male
67897,Jeff Kanew,2,Male
57173,Jeff Lowell,2,Male
78485,Jeff McGrath,2,Male
2689,Jeff Nathanson,2,Male
565297,Jeff Newitt,0,Unknown
71872,Jeff Nichols,2,Male
57405,Jeff Schaffer,2,Male
56578,Jeff Tremaine,2,Male
55075,Jeff Wadlow,2,Male
1196522,Jeffrey St. Jules,0,Unknown
109695,Jeffrey W. Byrd,0,Unknown
115892,Jehane Noujaim,1,Female
74971,Jem Cohen,2,Male
76095,Jennifer Finnigan,1,Female
66218,Jennifer Flackett,1,Female
1384771,Jennifer Wynne Farmer,0,Unknown
142312,Jennifer Yuh Nelson,1,Female
35005,Jeremy Brock,2,Male
1324172,Jeremy Degruson,0,Unknown
25210,Jeremy Leven,2,Male
75920,Jeremy Passmore,2,Male
74655,Jeremy Saulnier,0,Unknown
75544,Jeremy Sims,0,Unknown
1424519,Jerome Elston Scott,0,Unknown
18868,Jerome Robbins,2,Male
29705,Jerry Belson,2,Male
1378892,Jerry Dugan,0,Unknown
52094,Jerry Jameson,2,Male
108217,Jerry Rees,0,Unknown
3415,Jerry Zucker,2,Male
54584,Jesse Dylan,2,Male
130816,Jesse Peretz,0,Unknown
114646,Jesse Vaughan,0,Unknown
53014,Jessica Bendinger,1,Female
16853,Jessie Nelson,1,Female
73832,Jessy Terrero,0,Unknown
968998,Jeta Amata,0,Unknown
21339,Jez Butterworth,2,Male
7881,Jill Culton,1,Female
145134,Jill Sprecher,1,Female
12936,Jim Abrahams,2,Male
1360240,Jim Chuchu,0,Unknown
19228,Jim Fall,2,Male
111686,Jim Field Smith,2,Male
33254,Jim Gillespie,2,Male
134639,Jim Goddard,2,Male
11430,Jim Handley,0,Unknown
307546,Jim Hanon,0,Unknown
1434341,Jim Issa,0,Unknown
4429,Jim Jarmusch,0,Unknown
87082,Jim Mickle,2,Male
161932,Jim Rash,2,Male
53334,Jim Sheridan,2,Male
58514,Jim Sonzero,2,Male
8029,Jimmy Hayward,2,Male
11720,Jiří Menzel,2,Male
20307,Joachim Rønning,0,Unknown
6720,Joan Chen,1,Female
74569,Joby Harold,0,Unknown
1038,Jodie Foster,1,Female
54710,Jody Hill,2,Male
69237,Joe Berlinger,2,Male
94787,Joe Camp,2,Male
40223,Joe Carnahan,2,Male
55116,Joe Chappelle,2,Male
66604,Joe Charbanic,2,Male
155531,Joe Cornish,2,Male
567558,Joe Cross,0,Unknown
4600,Joe Dante,2,Male
4945,Joe Johnston,2,Male
1184745,Joe Marino,0,Unknown
54597,Joe Nussbaum,2,Male
23677,Joe Pytka,2,Male
7911,Joe Ranft,0,Unknown
18311,Joe Roth,0,Unknown
19272,Joe Russo,2,Male
40863,Joe Swanberg,0,Unknown
36588,Joe Wright,2,Male
97591,Joel Anderson,2,Male
1223,Joel Coen,0,Unknown
33192,Joel Edgerton,2,Male
57604,Joel Gallen,2,Male
88506,Joel Paul Reisig,0,Unknown
5572,Joel Schumacher,2,Male
54644,Joel Zwick,2,Male
16484,Joey Lauren Adams,1,Female
1424432,Johanna Schwartz,0,Unknown
60237,John A. Davis,2,Male
12840,John Badham,2,Male
56453,John Bonito,2,Male
19665,John Boorman,2,Male
17114,John Cameron Mitchell,2,Male
45117,John Carney,2,Male
11770,John Carpenter,2,Male
57594,John Cornell,2,Male
31497,John Cromwell,2,Male
96166,John Curran,2,Male
21053,John Dahl,2,Male
150347,John Dower,2,Male
72624,John Duigan,2,Male
86437,John Eng,2,Male
77147,John Erick Dowdle,0,Unknown
8500,John Ford,0,Unknown
58316,John Fortenberry,2,Male
52935,John Francis Daley,2,Male
13776,John Frankenheimer,2,Male
16513,John G. Avildsen,2,Male
53176,John Gatins,2,Male
10179,John Glen,2,Male
35155,John Gray,2,Male
6778,John Guillermin,2,Male
78866,John H. Lee,2,Male
17871,John Hamburg,2,Male
27846,John Herzfeld,2,Male
53333,John Hillcoat,2,Male
6593,John Huston,2,Male
65678,John Lafia,2,Male
1108711,John Laing,2,Male
4610,John Landis,2,Male
7879,John Lasseter,2,Male
54040,John Lee Hancock,2,Male
97026,John Luessenhop,2,Male
18844,John Madden,0,Unknown
40307,John Maybury,2,Male
9200,John McNaughton,2,Male
1090,John McTiernan,0,Unknown
65594,John Michael McDonagh,2,Male
8328,John Milius,2,Male
12028,John Moore,2,Male
110834,John Murlowski,2,Male
15811,John Musker,2,Male
9039,John Ottman,2,Male
58072,John Pasquin,2,Male
26095,John Patrick Shanley,2,Male
15337,John Polson,2,Male
26714,John R. Leonetti,2,Male
114396,John Reinhardt,2,Male
56412,John Requa,0,Unknown
89113,John Robert Hoffman,0,Unknown
80671,John Sanford,2,Male
102445,John Sayles,2,Male
19304,John Schlesinger,2,Male
79656,John Schultz,2,Male
6482,John Singleton,2,Male
944713,John Stainton,2,Male
1387618,John Stephenson,0,Unknown
57742,John Stevenson,2,Male
57082,John Stockwell,2,Male
14520,John Sturges,2,Male
1241,John Turturro,2,Male
10367,John Waters,2,Male
47333,John Wells,2,Male
61175,John Whitesell,2,Male
11401,John Woo,2,Male
25236,Johnnie To,0,Unknown
1023720,Johnny Remo,0,Unknown
15148,Jon Amiel,2,Male
18250,Jon Avnet,2,Male
25873,Jon Cassar,0,Unknown
844266,Jon Erwin,0,Unknown
930212,Jon Erwin ,0,Unknown
15277,Jon Favreau,2,Male
94471,Jon Gunn,2,Male
82033,Jon Hess,0,Unknown
68843,Jon Hurwitz,2,Male
30368,Jon Kasdan,2,Male
80006,Jon Knautz,0,Unknown
52114,Jon Lucas,2,Male
54507,Jon M. Chu,2,Male
193390,Jon Matthews,0,Unknown
92837,Jon Schroder,0,Unknown
12219,Jon Stewart,2,Male
12962,Jon Turteltaub,2,Male
89824,Jon Wright,2,Male
130128,Jonas Elmer,0,Unknown
71329,Jonas Åkerlund,0,Unknown
17108,Jonathan Caouette,2,Male
16959,Jonathan Dayton,2,Male
16294,Jonathan Demme,2,Male
83730,Jonathan English,2,Male
2388,Jonathan Frakes,2,Male
66728,Jonathan Glazer,2,Male
57454,Jonathan Jakubowicz,0,Unknown
42171,Jonathan Kaplan,2,Male
557818,Jonathan Kesselman,0,Unknown
56661,Jonathan Levine,2,Male
66739,Jonathan Liebesman,0,Unknown
21217,Jonathan Lynn,2,Male
1236679,Jonathan M. Goldstein,2,Male
985146,Jonathan Meyers,2,Male
7213,Jonathan Mostow,2,Male
558177,Jonathan Newman,2,Male
132812,Jonathan Parker,2,Male
55265,Jonathan Silverman,2,Male
97942,Jonathan Teplitzky,0,Unknown
196769,Jonathan Wacks,2,Male
117052,Jorge Blanco,2,Male
1018728,Jorge Gaggero,0,Unknown
1265056,Jorge R. Gutierrez,0,Unknown
940807,Jorge Ramírez Suárez,2,Male
62863,Jorma Taccone,2,Male
15361,Josef Rusnak,2,Male
656971,Joseph Dorman,0,Unknown
24045,Joseph Gordon-Levitt,2,Male
146275,Joseph Graham,0,Unknown
110726,Joseph Green,0,Unknown
66823,Joseph Kahn,2,Male
86270,Joseph Kosinski,2,Male
10601,Joseph L. Mankiewicz,2,Male
1532382,Joseph Mazzella,0,Unknown
52629,Joseph Ruben,2,Male
15663,Joseph Sargent,2,Male
64195,Joseph Zito,0,Unknown
86038,Josh Crook,0,Unknown
60922,Josh Gordon,2,Male
168798,Josh Schwartz,2,Male
86051,Joshua Logan,2,Male
5872,Joshua Marston,0,Unknown
53296,Joshua Oppenheimer,2,Male
93047,Joshua Seftel,2,Male
12891,Joss Whedon,2,Male
52576,José Padilha,2,Male
51894,Juan Antonio Bayona,2,Male
84714,Juan José Campanella,2,Male
41039,Judd Apatow,2,Male
63052,Julian Gilbey,2,Male
29226,Julian Jarrold,2,Male
7482,Julian Schnabel,2,Male
114597,Julie Anne Robinson,1,Female
87033,Julie Davis,1,Female
16391,Julie Taymor,1,Female
22669,Julien Temple,2,Male
129716,Julio DePietro,2,Male
78001,Juraj Jakubisko,0,Unknown
71570,Justin Chadwick,2,Male
1553042,Justin Dillon,0,Unknown
68281,Justin Kerrigan,0,Unknown
58189,Justin Lin,0,Unknown
222098,Justin Molotnikov,0,Unknown
1519326,Justin Paul Miller,0,Unknown
1041549,Justin Thomas Ostensen,0,Unknown
1354959,Justin Tipping,0,Unknown
52599,Justin Zackham,2,Male
93592,Jérôme Deschamps,0,Unknown
18532,Jérôme Maison,0,Unknown
69987,Jérôme Salle,2,Male
1352997,Kabir Sadanand,0,Unknown
64883,Kang Je-gyu,0,Unknown
85006,Kang Woo-Suk,0,Unknown
35736,Karan Johar,2,Male
74638,Karen Moncrieff,1,Female
52845,Karey Kirkpatrick,2,Male
22140,Kari Skogland,1,Female
55018,Karim Aïnouz,2,Male
54025,Karyn Kusama,1,Female
51864,Kasi Lemmons,1,Female
939123,Kat Coiro,0,Unknown
1280037,Kate Barker-Froyland,0,Unknown
105363,Kate Connor,1,Female
84515,Katherine Brooks,1,Female
89395,Katherine Dieckmann,1,Female
14392,Kathryn Bigelow,1,Female
221944,Katie Aselton,1,Female
185,Katsuhiro Ōtomo,2,Male
6284,Kay Pollak,0,Unknown
35689,Keenen Ivory Wayans,2,Male
33054,Keith Gordon,0,Unknown
228311,Keith Parmer,0,Unknown
12079,Kelly Asbury,2,Male
64030,Kelly Makin,2,Male
56383,Kelly Reichardt,1,Female
35318,Ken Annakin,2,Male
29009,Ken Kwapis,0,Unknown
1677569,Ken Roht,0,Unknown
1375201,Ken Scott,0,Unknown
99339,Ken Shapiro,2,Male
11181,Kenneth Branagh,2,Male
19142,Kenneth Johnson,2,Male
30711,Kenneth Lonergan,2,Male
65310,Kenny Ortega,2,Male
65702,Kent Alterman,2,Male
36083,Kevin Allen,2,Male
34453,Kevin Bray,2,Male
40220,Kevin Brodie,2,Male
105860,Kevin Carraway,0,Unknown
1269,Kevin Costner,2,Male
2150,Kevin Greutert,2,Male
115627,Kevin Hamedani,2,Male
76248,Kevin Hench,2,Male
40230,Kevin Hooks,2,Male
85242,Kevin Jordan,2,Male
1188585,Kevin King,0,Unknown
15775,Kevin Lima,2,Male
17350,Kevin Macdonald,2,Male
19499,Kevin Munroe,2,Male
8300,Kevin Reynolds,0,Unknown
70777,Kevin Rodney Sullivan,2,Male
19303,Kevin Smith,2,Male
1979,Kevin Spacey,2,Male
134306,Kevin Sullivan,2,Male
101518,Kevin Tancharoen,2,Male
82579,Kevin Tenney,0,Unknown
224751,Khalid Mohammed,0,Unknown
115309,Khyentse Norbu,0,Unknown
129921,Kief Davidson,2,Male
219961,Kim Farrant,0,Unknown
543568,Kim Jee-woon,0,Unknown
1046935,Kim Longinotto,0,Unknown
646785,Kim Nguyen,2,Male
2836,Kimberly Peirce,0,Unknown
29962,King Vidor,2,Male
31074,Kinji Fukasaku,2,Male
59646,Kinka Usher,0,Unknown
71267,Kirk De Micco,2,Male
64045,Kirk Jones,0,Unknown
1429671,Kirk Loudon,0,Unknown
62048,Kirk Wise,2,Male
58036,Kirk Wong,2,Male
41285,Kirsten Sheridan,1,Female
26882,Kiyoshi Kurosawa,2,Male
568267,Klaus Menzel,0,Unknown
66879,Kresten Vestbjerg Andersen,0,Unknown
65627,Kris Isacsson,2,Male
1046494,Kris Pearn,0,Unknown
1460398,Kristin Rizzo,0,Unknown
110427,Kriv Stenders,0,Unknown
65429,Kunihiko Yuyama,0,Unknown
567559,Kurt Engfehr,0,Unknown
288712,Kurt Hale,2,Male
21404,Kurt Voss,2,Male
13927,Kurt Wimmer,2,Male
8023,Kyle Balda,0,Unknown
88832,Kyle Rankin,2,Male
8559,Kátia Lund,0,Unknown
47275,Lajos Koltai,2,Male
9340,Lana Wachowski,1,Female
57154,Lance Hool,2,Male
109905,Lance Kawas,2,Male
116653,Lance Mungia,0,Unknown
302339,Lance Rivera,2,Male
88837,Larry Blamire,2,Male
6767,Larry Charles,2,Male
51917,Larry Clark,2,Male
7131,Larry Karaszewski,2,Male
42,Lars von Trier,2,Male
5306,Lasse Hallström,2,Male
642,Laura Lau,1,Female
1110343,Lauren Lazin,0,Unknown
52894,Laurence Dunmore,0,Unknown
128712,Laurent Bouhnik,2,Male
17386,Laurent Cantet,2,Male
64575,Laurent Tirard,0,Unknown
64191,Lawrence Guterman,0,Unknown
43518,Lawrence Kasanoff,2,Male
8844,Lawrence Kasdan,2,Male
20019,Lee Daniels,2,Male
1223224,Lee Matthews,0,Unknown
929917,Lee Sternthal,0,Unknown
7256,Lee Tamahori,2,Male
109745,Lee Toland Krieger,2,Male
2128,Leigh Whannell,2,Male
3950,Len Wiseman,2,Male
139135,Lena Dunham,1,Female
83281,Lenny Abrahamson,2,Male
84451,Leon Ford,2,Male
78997,Leon Ichaso,2,Male
69168,Leonard Farlinger,2,Male
1749,Leonard Nimoy,2,Male
27977,Leos Carax,0,Unknown
56911,Les Mayfield,0,Unknown
27728,Leslie H. Martinson,2,Male
559968,Leslie Small,2,Male
86688,Levan Gabriadze,0,Unknown
10076,Lewis Gilbert,2,Male
56359,Lexi Alexander,0,Unknown
1438306,Lijun Sun,0,Unknown
67750,Liliana Cavani,1,Female
9339,Lilly Wachowski,1,Female
1214860,Linda Mendoza,0,Unknown
229097,Lionel C. Martin,0,Unknown
229568,Lisa Azuelos,1,Female
75699,Lisa Cholodenko,1,Female
1044256,Lisanne Pajot,0,Unknown
26775,Liu Chia-Liang,2,Male
1686666,Livingston Oden,0,Unknown
60024,Liz Friedlander,1,Female
21305,Lloyd Bacon,2,Male
78021,Lloyd Kaufman,2,Male
1346215,Lluís Quílez,0,Unknown
1176,Lone Scherfig,1,Female
71551,Lorene Scafaria,1,Female
15309,Lori Petty,1,Female
930628,Lori Silverbush,0,Unknown
56660,Lorna Cook,1,Female
52849,Louis C.K.,2,Male
18865,Louis Leterrier,2,Male
116186,Lowell Sherman,0,Unknown
92015,Lu Chuan,2,Male
59,Luc Besson,2,Male
18525,Luc Jacquet,0,Unknown
78160,Luca Guadagnino,2,Male
17627,Lucile Hadzihalilovic,0,Unknown
29433,Lucio Fulci,2,Male
51534,Lucky McKee,2,Male
56208,Lucrecia Martel,0,Unknown
26648,Luis Llosa,2,Male
46085,Luis Mandoki,0,Unknown
82219,Luis Valdez,2,Male
11037,Lukas Moodysson,2,Male
65734,Luke Greenfield,2,Male
36422,Luke Wilson,2,Male
90492,Lynn Shelton,1,Female
83287,Lynne Ramsay,1,Female
89981,László Benedek,2,Male
135534,Léa Pool,1,Female
11614,M. Night Shyamalan,2,Male
103602,Mabel Cheung,0,Unknown
74924,Mabrouk El Mechri,2,Male
1051654,Macha Makeïeff,0,Unknown
1088647,Maggie Carey,0,Unknown
94831,Maggie Greenwald,0,Unknown
110695,Majid Majidi,2,Male
1565981,Maksim Fadeev,0,Unknown
1150877,Maksim Sveshnikov,0,Unknown
72024,Malcolm D. Lee,2,Male
57997,Malcolm Goodwin,2,Male
81718,Mamoru Hosoda,2,Male
1577521,Manuel Marín,0,Unknown
15219,Marc Abraham,2,Male
86295,Marc F. Adler,2,Male
59923,Marc Forby,2,Male
12995,Marc Forster,2,Male
18323,Marc Lawrence,2,Male
82286,Marc Levin,2,Male
73588,Marc Schölermann,0,Unknown
87742,Marc Webb,2,Male
40385,Marcia Bennett,1,Female
5192,Marco Kreuzpaintner,2,Male
71527,Marco Schnabel,2,Male
1158156,Marcos Martínez,0,Unknown
74062,Marcos Siega,2,Male
29922,Marcus Nispel,2,Male
65133,Marcus Raboy,0,Unknown
86035,Maria Maggenti,1,Female
77775,Marianna Palka,1,Female
177532,Marielle Heller,1,Female
1124971,Mariette Monpierre,0,Unknown
229374,Marilyn Agrelo,1,Female
1454564,Mario Miscione,0,Unknown
16214,Mario Van Peebles,2,Male
930701,Marius Markevicius,2,Male
20659,Marjane Satrapi,1,Female
87130,Mark A.Z. Dippé,0,Unknown
126638,Mark Andrews,2,Male
66116,Mark Brown,2,Male
33541,Mark Christopher,2,Male
61411,Mark Dindal,2,Male
45407,Mark Duplass,2,Male
106491,Mark Griffiths,2,Male
1098,Mark Helfrich,2,Male
55299,Mark Herman,0,Unknown
942084,Mark Illsley,2,Male
67753,Mark L. Lester,2,Male
66219,Mark Levin,2,Male
57199,Mark Mylod,2,Male
20193,Mark Neveldine,2,Male
57741,Mark Osborne,2,Male
11676,Mark Pellington,2,Male
57446,Mark Romanek,2,Male
68770,Mark Rosman,2,Male
30165,Mark Sandrich,2,Male
16837,Mark Steven Johnson,2,Male
18679,Mark Tarlov,2,Male
86482,Mark Tonderai,2,Male
54050,Mark Waters,2,Male
87183,Mark Young,2,Male
91389,Mars Callahan,0,Unknown
63713,Martha Coolidge,1,Female
769,Martin Brest,2,Male
10702,Martin Campbell,2,Male
80630,Martin Koolhoven,0,Unknown
78029,Martin Lawrence,2,Male
54472,Martin McDonagh,2,Male
18854,Martin Ritt,2,Male
1032,Martin Scorsese,2,Male
58260,Martin Weisz,0,Unknown
145169,Martyn Pick,0,Unknown
16378,Mary Harron,1,Female
56263,Mary Lambert,1,Female
130482,Mary McGuckian,1,Female
568822,Mary Pat Kelly,1,Female
549971,Maryam Keshavarz,1,Female
67316,Masayuki Ochiai,0,Unknown
19841,Mateo Gil,2,Male
8789,Mathieu Amalric,2,Male
2406,Mathieu Kassovitz,2,Male
66681,Matt Bettinelli-Olpin,2,Male
140086,Matt Cimber,0,Unknown
2876,Matt Dillon,2,Male
1425142,Matt Jackson,0,Unknown
1144092,Matt Johnson,0,Unknown
74341,Matt Maiellaro,0,Unknown
589159,Matt Piedmont,0,Unknown
32278,Matt Reeves,2,Male
59841,Matt Walsh,2,Male
34481,Matt Williams,2,Male
55117,Matthew Bright,2,Male
116370,Matthew Diamond,2,Male
58912,Matthew Hastings,2,Male
24528,Matthew R. Anderson,2,Male
12677,Matthew Robbins,2,Male
1551346,Matthew Robinson,0,Unknown
957,Matthew Vaughn,2,Male
1291408,Matthew Watts,0,Unknown
230059,Matty Rich,2,Male
261271,Maurice Joyce,2,Male
1395853,Mauricio De la Orta,0,Unknown
22677,Max Färberböck,2,Male
1257827,Max Joseph,2,Male
100516,Max Mayer,2,Male
64210,Maïwenn,1,Female
36425,McG,2,Male
1045480,Meiert Avis,0,Unknown
14639,Mel Brooks,2,Male
141450,Mel Smith,2,Male
3451,Mel Stuart,2,Male
16745,Melville Shavelson,2,Male
135650,Melvin Van Peebles,0,Unknown
61087,Mennan Yapo,0,Unknown
736,Menno Meyjes,2,Male
9054,Mervyn LeRoy,2,Male
18889,Mic Rodgers,2,Male
20412,Michael Anderson,2,Male
10781,Michael Apted,2,Male
865,Michael Bay,2,Male
42952,Michael Burke,2,Male
30365,Michael Caton-Jones,2,Male
1044,Michael Chapman,2,Male
77076,Michael Corrente,2,Male
4782,Michael Crichton,2,Male
21136,Michael Cristofer,2,Male
84931,Michael Cuesta,2,Male
4109,Michael Curtiz,0,Unknown
133790,Michael D. Olmos,2,Male
59975,Michael D. Sellers,2,Male
84165,Michael Dinner,2,Male
71280,Michael Dowse,2,Male
15056,Michael Gornick,2,Male
65428,Michael Haigney,2,Male
6011,Michael Haneke,2,Male
78023,Michael Herz,2,Male
52405,Michael Hoffman,2,Male
98541,Michael Hoffman Jr.,2,Male
69593,Michael J. Bassett,2,Male
64856,Michael Jai White,2,Male
86262,Michael Kang,0,Unknown
60438,Michael Landon Jr.,2,Male
7145,Michael Lehmann,2,Male
15045,Michael Lembeck,2,Male
638,Michael Mann,2,Male
258199,Michael Martin,2,Male
50460,Michael Mayer,2,Male
14172,Michael McCullers,2,Male
83415,Michael McGowan,2,Male
17845,Michael Meredith,2,Male
17087,Michael Moore,2,Male
87178,Michael O. Sajbel,2,Male
59412,Michael Patrick Jann,2,Male
38023,Michael Patrick King,2,Male
41887,Michael Polish,2,Male
59649,Michael Pressman,2,Male
28898,Michael Radford,2,Male
12964,Michael Ritchie,2,Male
1043404,Michael Roemer,2,Male
28741,Michael Rymer,2,Male
77300,Michael Schultz,2,Male
1194681,Michael Skolnik,0,Unknown
566328,Michael Sucsy,2,Male
87360,Michael Taliferro,2,Male
1110102,Michael Tiddes,0,Unknown
57885,Michael Wadleigh,2,Male
185995,Michael Walker,2,Male
19244,Michael Winner,2,Male
101233,Michael Winnick,0,Unknown
172,Michael Winterbottom,2,Male
84769,Michael Worth,2,Male
201,Michel Gondry,2,Male
67717,Michel Hazanavicius,2,Male
225887,Michel Leclerc,0,Unknown
107447,Michel O. Scott,0,Unknown
8843,Mick Jackson,2,Male
48498,Mickey Liddell,2,Male
61069,Miguel Arteta,2,Male
114404,Miguel Sapochnik,2,Male
29605,Mikael Håfström,0,Unknown
30149,Mikael Salomon,2,Male
77964,Mike Barker,2,Male
69498,Mike Bigelow,2,Male
24173,Mike Binder,2,Male
558540,Mike Bruce,0,Unknown
45459,Mike Cahill,2,Male
108952,Mike Disa,0,Unknown
6111,Mike Figgis,2,Male
551463,Mike Flanagan,2,Male
17281,Mike Hodges,0,Unknown
34891,Mike Johnson,0,Unknown
17403,Mike Judge,2,Male
65452,Mike Leigh,2,Male
56173,Mike Marvin,2,Male
90429,Mike McCoy,2,Male
17439,Mike Mills,2,Male
64151,Mike Mitchell,2,Male
78298,Mike Nawrocki,2,Male
10723,Mike Newell,2,Male
5342,Mike Nichols,2,Male
229962,Mike Thurmeier,2,Male
53178,Mike Tollin,2,Male
123150,Mike van Diem,0,Unknown
1012105,Mikel Rueda,0,Unknown
3974,Miloš Forman,2,Male
51984,Mimi Leder,1,Female
1448551,Mina T. Son,0,Unknown
6495,Mira Nair,1,Female
16860,Miranda July,1,Female
86164,Mitch Davis,2,Male
94917,Mitchell Altieri,2,Male
57055,Mitchell Lichtenstein,2,Male
1115066,Molly Bernstein,0,Unknown
1280031,Mona Lerche,1,Female
20921,Monte Hellman,2,Male
1414864,Mor Loushy,0,Unknown
1004172,Mora Stephens,0,Unknown
66800,Morgan J. Freeman,2,Male
228643,Morgan Neville,2,Male
57492,Morgan Spurlock,2,Male
57962,Mort Nathan,2,Male
77965,Morten Tyldum,2,Male
21693,Motonori Sakakibara,0,Unknown
66203,Moustapha Akkad,2,Male
162102,Myles Berkowitz,0,Unknown
228041,Márcio Garcia,2,Male
80923,Måns Mårlind,2,Male
1296119,Na Hong-jin,2,Male
118303,Nacho Vigalondo,2,Male
15672,Nadia Tass,0,Unknown
53431,Nadine Labaki,1,Female
55520,Nae Caranfil,0,Unknown
17698,Nancy Meyers,1,Female
47503,Nancy Walker,1,Female
96439,Nanette Burstein,1,Female
105648,Nat Faxon,2,Male
77277,Nate Parker,2,Male
131668,Nathan Frankowski,0,Unknown
121830,Nathan Greno,2,Male
1314011,Nathan Smith Jones,0,Unknown
57692,Neal Brennan,2,Male
105882,Neema Barnette,1,Female
17329,Neil Burger,2,Male
17016,Neil Jordan,0,Unknown
58689,Neil LaBute,2,Male
57581,Neil Marshall,2,Male
1560279,Neil Mcenery-West,0,Unknown
561061,Neil Nightingale,0,Unknown
82194,Neill Blomkamp,2,Male
1174437,Neill Dela Llana,0,Unknown
45627,Nelson McCormick,2,Male
70250,Newt Arnold,2,Male
58547,Niall Johnson,2,Male
989831,Nicholas Fackler,2,Male
55476,Nicholas Hytner,2,Male
81856,Nicholas Jarecki,2,Male
1788,Nicholas Meyer,2,Male
2765,Nicholas Ray,0,Unknown
52934,Nicholas Stoller,2,Male
60149,Nicholaus Goossen,2,Male
11151,Nick Cassavetes,2,Male
17278,Nick Gomez,2,Male
42274,Nick Hurran,2,Male
41530,Nick Love,2,Male
582918,Nick Murphy ,2,Male
7314,Nick Park,2,Male
550681,Nick Tomnay,2,Male
137392,Nickolas Perry,2,Male
1476699,Nicolae Constantin Tanase,2,Male
123913,Nicolas Bonilauri,0,Unknown
54176,Nicolas Guy,0,Unknown
21183,Nicolas Winding Refn,2,Male
56539,Nicole Holofcener,1,Female
19346,Niels Arden Oplev,2,Male
24248,Nigel Cole,2,Male
15287,Niki Caro,1,Female
22558,Nils Gaup,2,Male
1299380,Nima Nourizadeh,0,Unknown
41671,Nimród Antal,2,Male
17295,Ning Hao,0,Unknown
1039544,Nnegest Likké,1,Female
5656,Noah Baumbach,2,Male
114004,Noah Buschel,0,Unknown
21681,Nobuhiro Suwa,2,Male
29342,Noel Marshall,2,Male
9248,Nora Ephron,0,Unknown
96677,Nora Twomey,1,Female
226599,Norman Ferguson,2,Male
13563,Norman Jewison,2,Male
86439,Norton Virgien,2,Male
17510,Ol Parker,0,Unknown
56195,Ole Christian Madsen,2,Male
238220,Oleg Stepchenko,0,Unknown
7832,Oliver Hirschbiegel,2,Male
56710,Oliver Parker,2,Male
21683,Oliver Schmitz,2,Male
1152,Oliver Stone,2,Male
21678,Olivier Assayas,2,Male
16919,Olivier Dahan,2,Male
75035,Olivier Megaton,2,Male
74436,Olly Blackburn,0,Unknown
34110,Oren Moverman,2,Male
90591,Oren Peli,2,Male
40,Orson Welles,2,Male
15531,Ossie Davis,2,Male
31033,Oxide Pang Chun,2,Male
3045,P.J. Hogan,2,Male
54526,Paco Plaza,2,Male
7324,Pan Nalin,0,Unknown
57274,Panna Rittikrai,2,Male
1044250,Panos Cosmatos,0,Unknown
587519,Paolo Monico,2,Male
10099,Park Chan-wook,2,Male
66022,Pascal Arnold,0,Unknown
8392,Pascal Chaumeil,2,Male
151175,Pascal Hérold,0,Unknown
583894,Pascal Vuong,0,Unknown
88323,Pat Holden,0,Unknown
37626,Patrice Leconte,2,Male
116832,Patricia Cardoso,0,Unknown
437833,Patricia Riggen,0,Unknown
55439,Patricia Rozema,1,Female
1205756,Patrick Gilmore,0,Unknown
27226,Patrick Lussier,0,Unknown
220274,Patrick Meaney,0,Unknown
56059,Patrick Read Johnson,2,Male
1321304,Patrick Ryan Sims,0,Unknown
59210,Patrick Stettner,2,Male
6884,Patty Jenkins,1,Female
1216735,Paul Abascal,2,Male
80384,Paul Andrew Williams,2,Male
101377,Paul Bartel,2,Male
133293,Paul Bolger,2,Male
56147,Paul Brizzi,0,Unknown
1031972,Paul Bunnell,0,Unknown
4339,Paul Crowder,2,Male
116805,Paul Feig,2,Male
146883,Paul Fierlinger,0,Unknown
82641,Paul Fox,2,Male
25598,Paul Greengrass,2,Male
84021,Paul Gross,2,Male
455,Paul Haggis,2,Male
70573,Paul Hunter,2,Male
1318092,Paul J. Lombardi,2,Male
101666,Paul King,2,Male
47773,Paul Mazursky,2,Male
2291,Paul McGuigan,0,Unknown
12988,Paul Michael Glaser,2,Male
11428,Paul Satterfield,2,Male
1035,Paul Schrader,0,Unknown
4762,Paul Thomas Anderson,2,Male
10491,Paul Verhoeven,2,Male
4014,Paul W.S. Anderson,2,Male
66548,Paul Weiland,2,Male
3289,Paul Weitz,2,Male
64194,Paweł Pawlikowski,0,Unknown
1708905,Pece Dingo,0,Unknown
309,Pedro Almodóvar,2,Male
58448,Penelope Spheeris,0,Unknown
14911,Penny Marshall,1,Female
20824,Perry Andelin Blake,2,Male
124783,Perry Lang,2,Male
12890,Pete Docter,2,Male
285452,Pete Jones,0,Unknown
43141,Pete Travis,0,Unknown
36602,Peter Berg,2,Male
12708,Peter Billingsley,2,Male
42518,Peter Care,2,Male
57630,Peter Cattaneo,2,Male
56739,Peter Chan,2,Male
36804,Peter Chelsom,2,Male
1219769,Peter Cousens,2,Male
118463,Peter DeLuise,2,Male
58453,Peter Faiman,2,Male
7396,Peter Farrelly,2,Male
75043,Peter Flinth,0,Unknown
129514,Peter H. Hunt,2,Male
3290,Peter Hedges,2,Male
18357,Peter Hewitt,2,Male
7791,Peter Howitt,2,Male
37710,Peter Hyams,2,Male
108,Peter Jackson,2,Male
18204,Peter Kassovitz,2,Male
67781,Peter Kosminsky,2,Male
1192754,Peter Landesman,0,Unknown
1262197,Peter Lepeniotis,0,Unknown
53304,Peter Lord,2,Male
1058138,Peter M. Cohen,2,Male
16589,Peter MacDonald,2,Male
21377,Peter Medak,2,Male
86195,Peter Merwin,0,Unknown
9868,Peter R. Hunt,0,Unknown
151007,Peter Ramsey,2,Male
13426,Peter Segal,2,Male
21198,Peter Sohn,2,Male
71548,Peter Sollett,2,Male
55587,Peter Stebbings,2,Male
16785,Peter Webber,2,Male
2690,Peter Weir,2,Male
12804,Peter Yates,2,Male
49555,Petter Næss,0,Unknown
59026,Peyton Reed,2,Male
23968,Phil Alden Robinson,2,Male
82822,Phil Claydon,2,Male
18500,Phil Joanou,2,Male
107446,Phil Lord,0,Unknown
17246,Phil Morrison,2,Male
78562,Phil Traill,2,Male
78297,Phil Vischer,2,Male
65190,Philip G. Atwell,2,Male
648,Philip Kaufman,2,Male
1271492,Philip Zlotorynski,0,Unknown
13015,Phillip Noyce,2,Male
71068,Phyllida Lloyd,1,Female
124747,Pierre Coffin,2,Male
35453,Pierre Morel,2,Male
74299,Pixote Hunt,0,Unknown
109026,Piyush Dinker Pandya,0,Unknown
57214,Prachya Pinkaew,2,Male
76705,Preston A. Whitmore II,2,Male
550858,Qasim Basir,0,Unknown
133398,Quentin Dupieux,0,Unknown
138,Quentin Tarantino,2,Male
1284493,R.J. Cutler,0,Unknown
150,RZA,2,Male
110876,Rachel Goldenberg,0,Unknown
942251,Rachel Perkins,1,Female
56891,Rachel Talalay,1,Female
1432207,Rafa Lara,0,Unknown
1215,Raja Gosnell,2,Male
87296,Raja Menon,0,Unknown
85675,Rajkumar Hirani,0,Unknown
1032103,Rakesh Roshan,2,Male
53671,Rakeysh Omprakash Mehra,0,Unknown
114546,Ralph Etter,0,Unknown
16888,Ralph Nelson,2,Male
88970,Ralph Ziman,0,Unknown
65855,Ralph Zondag,2,Male
1085904,Ramaa Mosley,0,Unknown
12099,Raman Hui,0,Unknown
8876,Randal Kleiser,2,Male
77121,Randall Miller,2,Male
92834,Randall Rubin,0,Unknown
2460,Randall Wallace,2,Male
16958,Randy Barbato,2,Male
1140160,Randy Moore,0,Unknown
1330498,Rania Attieh,0,Unknown
57633,Rawson Marshall Thurber,0,Unknown
38774,Ray Lawrence,2,Male
99496,Raymond De Felitta,2,Male
76812,Raymond Yip Wai-Man,2,Male
41670,Rebecca Miller,1,Female
123990,Reed Cowan,2,Male
93916,Regardt van den Bergh,2,Male
68215,Reginald Hudlin,2,Male
57035,Reinhard Klooss,2,Male
16938,Renny Harlin,2,Male
24481,René Féret,0,Unknown
67367,Rian Johnson,2,Male
76422,Ric Roman Waugh,2,Male
122842,Rich Christiano,2,Male
39822,Rich Cowan,0,Unknown
165787,Rich Moore,2,Male
4786,Richard Attenborough,2,Male
98103,Richard Ayoade,2,Male
24318,Richard Benjamin,2,Male
115585,Richard Boddington,0,Unknown
3632,Richard Brooks,2,Male
7018,Richard Curtis,2,Male
7187,Richard Donner,2,Male
114925,Richard Dutcher,2,Male
20766,Richard E. Grant,2,Male
36693,Richard Eyre,2,Male
2087,Richard Fleischer,0,Unknown
82335,Richard Glatzer,0,Unknown
137475,Richard J. Lewis,2,Male
1577,Richard Kelly,2,Male
228797,Richard Kwietniowski,2,Male
2163,Richard LaGravenese,2,Male
10586,Richard Lester,0,Unknown
564,Richard Linklater,2,Male
33315,Richard Loncraine,2,Male
19800,Richard Marquand,2,Male
57414,Richard Montoya,2,Male
1030160,Richard Raymond,0,Unknown
107274,Richard Rich,2,Male
76462,Richard Schenkman,2,Male
44740,Richard Shepard,2,Male
95723,Richard Wallace,2,Male
116100,Richard Williams,0,Unknown
51866,Rick Famuyiwa,0,Unknown
65548,Rick Friedberg,2,Male
33341,Rick Rosenthal,0,Unknown
1491995,Rick de Oliveira,0,Unknown
74105,Ricki Stern,1,Female
17835,Ricky Gervais,2,Male
578,Ridley Scott,2,Male
26767,Ringo Lam,2,Male
3191,Risa Bramon Garcia,1,Female
1385666,Rita Merson,0,Unknown
1117026,Ritesh Batra,0,Unknown
12523,Rob Bowman,2,Male
18878,Rob Cohen,2,Male
1585252,Rob Hawk,0,Unknown
64735,Rob Hedden,2,Male
65630,Rob Letterman,0,Unknown
17633,Rob Marshall,2,Male
52941,Rob McKittrick,0,Unknown
18898,Rob Minkoff,2,Male
123694,Rob Pritts,0,Unknown
3026,Rob Reiner,2,Male
16848,Rob Zombie,2,Male
21415,Robby Henson,2,Male
9789,Robert Altman,2,Male
194915,Robert Bennett,0,Unknown
101767,Robert Butler,2,Male
27745,Robert C. Cooper,2,Male
119367,Robert Cary,2,Male
89216,Robert D. Webb,2,Male
3087,Robert Duvall,2,Male
1523137,Robert Fontaine,0,Unknown
51521,Robert Greenwald,2,Male
82101,Robert Hall,0,Unknown
57895,Robert Harmon,2,Male
145045,Robert Heath,0,Unknown
64815,Robert Iscove,2,Male
95687,Robert Kenner,2,Male
133183,Robert Lee King,2,Male
4746,Robert Lorenz,2,Male
36797,Robert Luketic,2,Male
86293,Robert M. Young,2,Male
102797,Robert Marcarelli,2,Male
137064,Robert Moresco,0,Unknown
8482,Robert Mulligan,2,Male
72206,Robert Pulcini,2,Male
4135,Robert Redford,2,Male
2294,Robert Rodriguez,0,Unknown
14875,Robert Rossen,2,Male
57270,Robert Schwentke,2,Male
5834,Robert Stevenson,2,Male
1032536,Robert Stromberg,0,Unknown
11057,Robert Towne,2,Male
68750,Robert Townsend,2,Male
1744,Robert Wise,2,Male
24,Robert Zemeckis,2,Male
1027737,Robin Budd,0,Unknown
101515,Robinson Devor,0,Unknown
58165,Rocky Morton,2,Male
21526,Rod Lurie,2,Male
50719,Rodman Flender,2,Male
95320,Rodrigo Cortés,0,Unknown
77162,Rodrigo García,2,Male
15812,Roger Allers,2,Male
8297,Roger Avary,2,Male
5058,Roger Christian,2,Male
21370,Roger Donaldson,2,Male
11873,Roger Kumble,2,Male
7017,Roger Michell,2,Male
63983,Roger Nygard,0,Unknown
1724,Roger Spottiswoode,2,Male
53767,Roger Vadim,2,Male
85445,Rohan Sippy,0,Unknown
1867383,Rohit Jagessar,0,Unknown
1312905,Rohit Jugraj,0,Unknown
6046,Roland Emmerich,2,Male
8965,Roland Joffé,0,Unknown
33036,Roland Suso Richter,2,Male
3556,Roman Polanski,2,Male
231345,Romesh Sharma,0,Unknown
15810,Ron Clements,2,Male
68994,Ron Fricke,2,Male
6159,Ron Howard,2,Male
4037,Ron Shelton,2,Male
33485,Ron Underwood,2,Male
66088,Ronald F. Maxwell,2,Male
7501,Ronald Neame,2,Male
583893,Ronan Chapalain,0,Unknown
17268,Ronny Yu,0,Unknown
17608,Rowan Joffe,2,Male
63943,Rowdy Herrington,2,Male
90508,Ruairi Robinson,0,Unknown
108072,Ruba Nadda,1,Female
91268,Ruben Fleischer,2,Male
45572,Ruggero Deodato,2,Male
228134,Rupert Sanders,2,Male
11809,Rupert Wainwright,2,Male
77357,Rupert Wyatt,0,Unknown
4590,Russ Meyer,0,Unknown
934,Russell Crowe,2,Male
70076,Russell Friedenberg,2,Male
229198,Russell Holt,0,Unknown
52968,Russell Mulcahy,2,Male
141825,Rusty Cundieff,2,Male
53068,Ryan Fleck,2,Male
63477,Ryan Little,2,Male
52779,Ryan Murphy,2,Male
1100753,Ryan Smith,0,Unknown
45996,Ryûhei Kitamura,2,Male
75882,S.R. Bindler,0,Unknown
147021,S.S. Rajamouli,2,Male
107039,Sacha Bennett,0,Unknown
70580,Sadullah Şentürk,0,Unknown
1372345,Sadyk Sher-Niyaz,0,Unknown
1343876,Sai Varadan,0,Unknown
14086,Sajid Khan,2,Male
225556,Salim Akil,2,Male
57206,Sally Potter,1,Female
937439,Salvador Carrasco,2,Male
58897,Sam Fell,2,Male
72543,Sam Firstenberg,2,Male
96172,Sam Levinson,0,Unknown
39,Sam Mendes,2,Male
134156,Sam Miller,2,Male
7767,Sam Peckinpah,0,Unknown
7623,Sam Raimi,2,Male
1137903,Sam Taylor-Johnson,1,Female
54967,Sam Weisman,2,Male
62410,Sammo Hung,2,Male
5691,Samuel Armstrong,2,Male
64140,Sanaa Hamri,1,Female
146884,Sandra Fierlinger,0,Unknown
1341629,Sanjay Rawal,0,Unknown
1448550,Sara Newens,0,Unknown
58628,Sara Sugarman,1,Female
93288,Sarah Gavron,0,Unknown
208113,Sarah Smith,0,Unknown
232858,Sarik Andreasyan,0,Unknown
91602,Scandar Copti,0,Unknown
7130,Scott Alexander,2,Male
65167,Scott Cooper,2,Male
55499,Scott Derrickson,2,Male
1434686,Scott Dow,0,Unknown
35595,Scott Foley,2,Male
2199,Scott Frank,2,Male
33433,Scott Hicks,2,Male
65390,Scott Kalvert,2,Male
90812,Scott Mann,0,Unknown
83070,Scott Marshall,0,Unknown
69144,Scott Marshall Smith,2,Male
226089,Scott Moore,0,Unknown
1219158,Scott Smith,0,Unknown
932088,Scott Speer,2,Male
116357,Scott Stewart,0,Unknown
1179590,Scott Walker,0,Unknown
293911,Scott Waugh,2,Male
43439,Scott Ziehl,2,Male
74619,Sean Anders,2,Male
136345,Sean Byrne,2,Male
527607,Sean Durkin,2,Male
129952,Sean McNamara,2,Male
2228,Sean Penn,2,Male
70579,Serdar Akar,0,Unknown
130938,Sergei Bodrov,0,Unknown
71871,Sergei Bodrov Jr.,2,Male
4385,Sergio Leone,2,Male
71600,Seth Gordon,2,Male
52139,Seth MacFarlane,2,Male
19274,Seth Rogen,2,Male
129718,Shana Feste,0,Unknown
71923,Shane Acker,2,Male
1108,Shane Black,2,Male
76624,Shane Carruth,2,Male
168349,Shane Dawson,0,Unknown
70520,Shane Meadows,2,Male
72205,Shari Springer Berman,1,Female
1375627,Sharon Greytak,0,Unknown
17825,Shawn Levy,2,Male
37630,Shekhar Kapur,2,Male
16590,Sheldon Lettich,2,Male
1201090,Sherman Alexie,0,Unknown
81853,Shigeyasu Yamauchi,0,Unknown
64331,Shim Hyung-Rae,2,Male
76447,Shimit Amin,0,Unknown
70100,Shinji Aramaki,0,Unknown
80752,Shinji Higuchi,2,Male
432629,Shintaro Shimosawa,2,Male
56474,Shona Auerbach,0,Unknown
1413504,Shyam Madiraju,0,Unknown
35785,Siddharth Anand,2,Male
77273,Siddiq Barmak,0,Unknown
64508,Sidney J. Furie,2,Male
39996,Sidney Lumet,0,Unknown
1501366,Simeon Rice,0,Unknown
133502,Simon Curtis,2,Male
44114,Simon J. Smith,2,Male
1253596,Simon Napier-Bell,0,Unknown
21879,Simon Wells,2,Male
12786,Simon West,2,Male
18254,Simon Wincer,0,Unknown
1070340,Simon Yin,0,Unknown
1769,Sofia Coppola,1,Female
131521,Spencer Susser,2,Male
5953,Spike Jonze,2,Male
5281,Spike Lee,2,Male
4319,Stacy Peralta,2,Male
13284,Stanley Donen,2,Male
4081,Stanley Kramer,2,Male
240,Stanley Kubrick,2,Male
44916,Stanley Tong,2,Male
1393858,Stanton Barrett,2,Male
227945,Stefan C. Schaefer,2,Male
15115,Stefan Ruzowitzky,2,Male
94155,Stefan Schwartz,2,Male
25453,Stefen Fangmeier,0,Unknown
27889,Stephan Elliott,2,Male
227438,Stephen Anderson,0,Unknown
56913,Stephen Carpenter,2,Male
19311,Stephen Chbosky,2,Male
57607,Stephen Chow,2,Male
468,Stephen Daldry,2,Male
3224,Stephen Frears,0,Unknown
2945,Stephen Gaghan,2,Male
1410294,Stephen Greene,0,Unknown
18356,Stephen Herek,2,Male
70651,Stephen Hillenburg,2,Male
2042,Stephen Hopkins,2,Male
107168,Stephen Kijak,2,Male
99240,Stephen Langford,2,Male
96745,Stephen Milburn Anderson,0,Unknown
7775,Stephen Sommers,2,Male
936154,Stephen St. Leger,0,Unknown
56435,Stephen T. Kay,2,Male
1053020,Sterling Van Wagenen,0,Unknown
151017,Stevan Mena,0,Unknown
42745,Steve Antin,2,Male
18308,Steve Barron,2,Male
16356,Steve Bendelack,2,Male
7313,Steve Box,2,Male
72258,Steve Boyum,2,Male
884,Steve Buscemi,2,Male
52112,Steve Carr,2,Male
102627,Steve Carver,2,Male
104507,Steve Gomer,2,Male
44113,Steve Hickner,2,Male
122449,Steve James,2,Male
71729,Steve Martino,2,Male
72757,Steve McQueen,2,Male
58712,Steve Miner,2,Male
4489,Steve Oedekerk,2,Male
3227,Steve Pink,2,Male
137262,Steve Purcell,2,Male
54590,Steve Rash,2,Male
440517,Steve Taylor,2,Male
142007,Steve Trenbirth,0,Unknown
32593,Steven Brill,2,Male
1726,Steven E. de Souza,2,Male
123991,Steven Greenstreet,2,Male
93214,Steven Quale,2,Male
88039,Steven R. Monroe,2,Male
23880,Steven Seagal,2,Male
67795,Steven Shainberg,2,Male
1884,Steven Soderbergh,2,Male
488,Steven Spielberg,2,Male
2260,Steven Zaillian,2,Male
130837,Stewart Hendler,2,Male
59023,Stewart Raffill,2,Male
80540,Stig Bergqvist,0,Unknown
2523,Stuart Baird,2,Male
76418,Stuart Gillard,2,Male
27991,Stuart Gordon,2,Male
105239,Stuart Hazeldine,0,Unknown
1375066,Stuart Ortiz,0,Unknown
126597,Stéphane Aubier,0,Unknown
1116801,Sue Corcoran,0,Unknown
60129,Susan Stroman,1,Female
113600,Susanna White,0,Unknown
1011,Susanne Bier,1,Female
1184450,Sut Jhally,0,Unknown
116000,Svyatoslav Ushakov,0,Unknown
2226,Sydney Pollack,2,Male
21768,Sylvain Chomet,0,Unknown
31119,Sylvain White,2,Male
16483,Sylvester Stallone,2,Male
24757,Sylvio Tabet,0,Unknown
11432,T. Hee,0,Unknown
1398500,Tadeo Garcia,0,Unknown
1291685,Taedong Park,0,Unknown
50651,Takao Okawara,2,Male
20310,Takashi Shimizu,2,Male
43652,Takashi Yamazaki,0,Unknown
3317,Takeshi Kitano,2,Male
54240,Tamara Jenkins,0,Unknown
57691,Tamra Davis,1,Female
1018660,Tanner Beard,2,Male
61111,Tara Subkoff,1,Female
56512,Tarsem Singh,2,Male
55789,Tate Taylor,2,Male
564083,Tatiana von Furstenberg,1,Female
74878,Tay Garnett,2,Male
18596,Taylor Hackford,0,Unknown
1686667,Taylor Scott Olson,0,Unknown
18635,Ted Post,2,Male
70703,Teddy Chan,0,Unknown
93911,Terence Davies,2,Male
9855,Terence Young,2,Male
30715,Terrence Malick,2,Male
1434676,Terron R. Parsons,0,Unknown
2589,Terry George,2,Male
280,Terry Gilliam,2,Male
10707,Terry Jones,2,Male
17447,Terry Zwigoff,0,Unknown
1096867,Thea Sharrock,1,Female
1141683,Theodore Melfi,0,Unknown
120515,Theodore Witcher,2,Male
56789,Thomas Bezucha,2,Male
52038,Thomas Carter,2,Male
1171387,Thomas L. Phillips,0,Unknown
20674,Thomas Langmann,2,Male
231431,Thomas Lilti,0,Unknown
4453,Thomas Vinterberg,2,Male
109857,Thor Freudenthal,2,Male
66880,Thorbjørn Christoffersen,0,Unknown
101542,Ti West,2,Male
1462,Tim Blake Nelson,2,Male
133684,Tim Boxell,2,Male
510,Tim Burton,2,Male
550857,Tim Chambers,2,Male
125544,Tim Fywell,0,Unknown
132856,Tim Heidecker,2,Male
49903,Tim Hill,2,Male
15858,Tim Hunter,2,Male
52870,Tim Johnson,2,Male
77919,Tim McCanlies,2,Male
504,Tim Robbins,2,Male
20400,Tim Story,2,Male
1082114,Timothy Bjorklund,0,Unknown
1128550,Timothy Hines,2,Male
1169157,Timothy Woodward Jr.,0,Unknown
23430,Timur Bekmambetov,2,Male
84124,Tina Gordon Chism,0,Unknown
10051,Tobe Hooper,2,Male
20133,Tod Williams,2,Male
61371,Todd Edwards,2,Male
5010,Todd Field,2,Male
18342,Todd Graff,2,Male
16863,Todd Haynes,2,Male
587800,Todd Lincoln ,0,Unknown
57130,Todd Phillips,2,Male
66605,Todd Solondz,2,Male
222470,Todd Strauss-Schulson,2,Male
66512,Tom Brady,2,Male
46076,Tom Dey,2,Male
6400,Tom DiCillo,2,Male
51795,Tom Elkins,2,Male
120615,Tom Ford,2,Male
36423,Tom Green,2,Male
31,Tom Hanks,2,Male
64796,Tom Holland,2,Male
70500,Tom Hooper,2,Male
66983,Tom Kalin,2,Male
17867,Tom McCarthy,0,Unknown
18864,Tom McGrath,2,Male
63550,Tom McLoughlin,2,Male
1111709,Tom Putnam,0,Unknown
43673,Tom Reeve,2,Male
1499089,Tom Sanchez,0,Unknown
2691,Tom Schulman,2,Male
582841,Tom Seidman ,0,Unknown
4499,Tom Shadyac,2,Male
1071,Tom Tykwer,2,Male
56717,Tom Vaughan,2,Male
1275019,Tom Walsh,0,Unknown
96676,Tomm Moore,2,Male
2176,Tommy Lee Jones,2,Male
11777,Tommy Lee Wallace,2,Male
1150712,Tommy Oliver,2,Male
76927,Tommy Wirkola,2,Male
57138,Tony Bill,2,Male
42712,Tony Giglio,2,Male
19242,Tony Gilroy,2,Male
3417,Tony Goldwyn,2,Male
57207,Tony Jaa,2,Male
814,Tony Kaye,2,Male
41621,Tony Krantz,2,Male
61372,Tony Leech,2,Male
70415,Tony Maylam,0,Unknown
32765,Tony Richardson,2,Male
893,Tony Scott,2,Male
68412,Toshio Masuda,2,Male
107730,Tran Anh Hung,2,Male
1401541,Travis Cluff,0,Unknown
1263110,Travis Legge,0,Unknown
1110059,Travis Romero,0,Unknown
22239,Travis Zariwny,0,Unknown
130822,Trent Cooper,2,Male
80013,Trevor Matthews,2,Male
84834,Trevor Moore,2,Male
34517,Trey Parker,2,Male
54795,Troy Duffy,2,Male
58868,Troy Miller,2,Male
135601,Troy Nixey,2,Male
26760,Tsui Hark,2,Male
1409418,Tuck Tucker,0,Unknown
1039527,Tyler Gillett,2,Male
971918,Tyler Oliver,0,Unknown
80602,Tyler Perry,2,Male
232190,U. Roberto Romano,0,Unknown
145304,Udayan Prasad,2,Male
15868,Uli Edel,0,Unknown
140354,Ulu Grosbard,2,Male
23799,Uwe Boll,2,Male
78118,Vadim Perelman,0,Unknown
1040955,Valeri Milev,0,Unknown
16960,Valerie Faris,1,Female
131455,Valerie Red-Horse,0,Unknown
21657,Vera Farmiga,1,Female
15358,Vic Armstrong,2,Male
87121,Vic Sarin,2,Male
72133,Vicente Amorim,0,Unknown
12058,Vicky Jenson,1,Female
1404799,Vicky Jewson,0,Unknown
9049,Victor Fleming,0,Unknown
138322,Victor Nunez,2,Male
56349,Victor Salva,2,Male
1158417,Victor Teran,0,Unknown
99710,Vidhu Vinod Chopra,2,Male
588015,Vijay Chandar,0,Unknown
22461,Vincent Gallo,2,Male
20709,Vincent Paronnaud,2,Male
126599,Vincent Patar,0,Unknown
9198,Vincent Ward,0,Unknown
13980,Vincente Minnelli,2,Male
5877,Vincenzo Natali,2,Male
88142,Vipul Amrutlal Shah,2,Male
126763,Vivek Agnihotri,0,Unknown
1006810,Vladlen Barbe,0,Unknown
1187609,W.D. Hogan,0,Unknown
32427,W.S. Van Dyke,2,Male
1366270,Wade Gasque,0,Unknown
559,Wally Pfister,2,Male
68573,Walt Becker,2,Male
1723,Walter Hill,2,Male
80570,Walter Lang,2,Male
8574,Walter Salles,2,Male
6449,Warren Beatty,2,Male
63852,Warren P. Sonoda,2,Male
1571422,Warren Sheppard,0,Unknown
82337,Wash Westmoreland,0,Unknown
58667,Wayne Beach,2,Male
19000,Wayne Kramer,2,Male
1098107,Wayne Thornley,0,Unknown
39819,Wayne Wang,0,Unknown
5655,Wes Anderson,2,Male
5140,Wes Craven,2,Male
78188,Whit Stillman,2,Male
151232,Wil Shriner,2,Male
11434,Wilfred Jackson,2,Male
70287,Will Finn,2,Male
82511,Will Gluck,2,Male
60923,Will Speck,2,Male
686,Willard Huyck,2,Male
12846,William A. Fraker,2,Male
83467,William A. Graham,2,Male
55420,William Arntz,2,Male
140151,William Bindley,0,Unknown
62768,William Brent Bell,2,Male
56506,William Dear,2,Male
125324,William Eubank,2,Male
15175,William Friedkin,0,Unknown
139537,William Gazecki,0,Unknown
3905,William H. Macy,2,Male
228177,William Kaufman,2,Male
57898,William Malone,2,Male
11427,William Roberts,2,Male
554946,William Sachs,2,Male
1748,William Shatner,2,Male
10001,William Wyler,2,Male
63571,Wilson Yip,2,Male
4780,Wolfgang Becker,2,Male
5231,Wolfgang Petersen,2,Male
12453,Wong Kar-wai,2,Male
1243,Woody Allen,2,Male
65615,Wych Kaosayananda,0,Unknown
72320,Xavier Beauvois,2,Male
18184,Xavier Gens,2,Male
56736,Xavier Palud,2,Male
91603,Yaron Shani,0,Unknown
35770,Yash Chopra,2,Male
87537,Yoon Je-kyoon,2,Male
122423,Yorgos Lanthimos,2,Male
930627,Youssef Delara,0,Unknown
1496406,Yuefeng Song,0,Unknown
31093,Yvette Kaplan,0,Unknown
5367,Zach Braff,2,Male
84833,Zach Cregger,2,Male
15217,Zack Snyder,2,Male
12714,Zack Ward,2,Male
439236,Zackary Adler,0,Unknown
11011,Zak Penn,2,Male
933739,Zal Batmanglij,2,Male
607,Zhang Yimou,2,Male
1155992,Zoran Lisinac,0,Unknown
94220,Àlex Pastor,2,Male
57865,Álex de la Iglesia,0,Unknown
6980,Émile Gaudreault,2,Male
130358,Éric Tessier,2,Male
1555903,Étienne Faure,0,Unknown
143217,张立 | Zhang Li,2,Male
